artículo,sujeto,adjetivo masculino,adjetivo femenino,acciones
El,acantilado,absurdo,absurda,abofetea a alguien
El,ácaro,ácido,ácida,aborrece algo
El,acertijo,admirable,admirable,aborta
La,adivinanza,adolescente,adolescente,abrocha algo
El,adorno,afectuoso,afectuosa,acaba inquieto
La,aeronave,afortunado,afortunada,acaricia a algo/alguien
El,afluente,alegre,alegre,acosa a alguien
El,aguacate,altivo,altiva,adelgaza
La,aguja,amable,amable,adivina
El,alba,amargo,amarga,adopta
La,alegría,ambiguo,ambigua,afeita
El,alféizar,amistoso,amistosa,agria
La,alondra,andrajoso,andrajosa,agujerea una superficie
La,amada,angelical,angelical,ahoga a alguien
El,amanecer,anómalo,anómala,ahorra
La,amante,anónimo,anónima,aísla
La,amistad,ansioso,ansiosa,ajusta
El,amor,antiguo,antigua,alinea
La,anciana,apasionado,apasionada,alumbra
El,andén,apático,apática,ama
El,ángel,argénteo,argéntea,amarra
El,anillo,árido,árida,amenaza a alguien
La,ansiedad,arrejuntado,arrejuntada,amputa un miembro
El,aposento,artesanal,artesanal,amuebla un hogar
El,árbol,áspero,áspera,aniquila un enemigo
El,arco,astuto,astuta,anticipa un evento
La,armadura,atento,atenta,anuncia un evento
La,arpía,atómico,atómica,apesta
El,arquitecto,atractivo,atractiva,araña
El,arrebol,atrevido,atrevida,arde
El,arroyo,atroz,atroz,asedia
El,artefacto mágico,audaz,audaz,asesina a un amigo
El,asteroide,áurico,áurica,asfixia a un enemigo
El,astronauta,ausente,ausente,aterriza forzosamente
El,atún,automático,automática,atormenta
La,aurora,bajo,baja,atraviesa
La,ausencia,bancario,bancaria,aturde a alguien
La,avena,barato,barata,auxilia a alguien
La,aventura,bárbaro,bárbara,averigua una mentira
El,avión,básico,básica,ayuna
El,azafrán,basto,basta,babea
El,azúcar,beato,beata,baila
El,baile de disfraces,belga,belga,balancea un objeto
El,balcón,bélico,bélica,balbucea con vergüenza
La,baldosa,beligerante,beligerante,barajea
La,ballena,bello,bella,barre
El,balrog,bíblico,bíblica,batalla en una guerra
La,balsa,bilingüe,bilingüe,batea
El,banco,biológico,biológica,bautiza algo
El,bandido,blanco,blanca,bebe
El,bar,blando,blanda,besa a alguien
La,barca,bonito,bonita,blande un arma
El,barco pirata,boreal,boreal,blanquea algo
El,belfo,borracho,borracha,blanquea dinero
El,beso,boscoso,boscosa,bloquea algo
El,besugo,breve,breve,boicotea una estrategia
La,biblioteca,brillante,brillante,bombardea un territorio
La,bicicleta,brusco,brusca,borda un tapiz
El,bigote,brutal,brutal,borra algo
El,bikini,bueno,buena,brilla
El,billar,burgués,burguesa,brinca
El,bisonte,burlón,burlona,brinda
El,bizcocho borracho,cálido,cálida,bromea
La,boca,callejero,callejera,brota
El,bocadillo,caprichoso,caprichosa,bucea
El,bogavante,cariñoso,cariñosa,bulle
La,bohemia,cascarrabias,cascarrabias,burla
El,bolo,casposo,casposa,busca
El,bombero,cauto,cauta,cabalga
El,bosque,célebre,célebre,cae
La,bota,celoso,celosa,cambia
La,botella,cercano,cercana,camufla
El,botón,cerúleo,cerúlea,canta
La,braga,ciego,ciega,captura
La,brisa,cínico,cínica,castra
El,bronceador,clasista,clasista,celebra
La,bruja,cobarde,cobarde,cepilla
La,brújula,coherente,coherente,cercena
El,buitre,colosal,colosal,chilla
El,burdégano,cómodo,cómoda,cobra vida
El,caballero,compacto,compacta,codicia
El,caballito de mar,compasivo,compasiva,cojea
El,caballo,complejo,compleja,combate
La,cabaña,complicado,complicada,come
La,cadena,comprensivo,comprensiva,compite
El,café,común,común,complica algo
El,caldero,contradictorio,contradictoria,concibe algo
El,camarote,convencional,convencional,condena a alguien
El,camino,convincente,convincente,confronta
El,campo de batalla,cordial,cordial,conquista
El,campo de torneos,corpulento,corpulenta,consagra
El,cancerbero,cortante,cortante,conserva
La,canoa,cortesano,cortesana,consigna
El,capitán,cósmico,cósmica,conspira
La,carta,creativo,creativa,construye
La,casa solariega,criminal,criminal,contagia
La,cascada,crítico,crítica,copula con el enemigo
El,castillo,crónico,crónica,coquetea
La,catacumba,cruel,cruel,corona
El,catarro,cuántico,cuántica,corre
El,cementerio,cuidadoso,cuidadosa,corta
El,centauro,culpable,culpable,corteja a alguien
La,cerradura,curativo,curativa,cosecha
La,chimenea,curioso,curiosa,cultiva
El,chocolate,curvo,curva,cumple una promesa
La,cicatriz,débil,débil,curte
El,cíclope,decidido,decidida,custodia
El,cielo,delgado,delgada,danza
La,ciénaga,delicado,delicada,daña
El,cisne,delicioso,deliciosa,deambula
El,ciudad,delincuente,delincuente,debilita
La,claridad,dependiente,dependiente,decapita
El,cobertizo,deprimido,deprimida,declara
La,cocina,desagradable,desagradable,deforma
La,cocinera,desaliñado,desaliñada,defrauda
El,cofre,desapasionado,desapasionada,deja pasar el tiempo
El,colchón,desarmado,desarmada,delata
El,colibrí,descomunal,descomunal,demora
La,colina,desconfiado,desconfiada,denuncia
La,colonia,descuidado,descuidada,derruye
El,cometa,deseado,deseada,desabrocha
La,comida,desfavorecido,desfavorecida,desafía
La,compasión,deshonrado,deshonrada,desaparece
La,concha,desierto,desierta,desayuna
El,concierto,despierto,despierta,descansa
El,constelación,dichoso,dichosa,descubre algo
El,copo de nieve,diferente,diferente,desea
El,cordón,difícil,difícil,desembarca
La,corona,diminuto,diminuta,desencanta a alguien
El,corpúsculo,dinámico,dinámica,desentona
La,creatividad,directo,directa,deshonra
El,crepúsculo,discreto,discreta,desilusiona
El,crucero,disfrazado,disfrazada,desnuda a alguien
La,cuchara,disperso,dispersa,desobedece
El,cuchillo,distante,distante,desviste
El,cuervo,divertido,divertida,devasta
La,cueva,divino,divina,dibuja
El,dado,dócil,dócil,discute
El,dardo,doloroso,dolorosa,disfruta
El,dátil,doméstico,doméstica,dispara
El,delfín,dorado,dorada,distorsiona
El,demonio,dracónico,dracónica,divorcia
La,depresión,dramático,dramática,duda
El,desagüe,druídico,druídica,duerme
El,desenlace,dulce,dulce,eclipsa
El,desertor,duro,dura,edifica
El,desfiladero,ecológico,ecológica,elige un blasón
El,desierto,efímero,efímera,elimina
El,destino,egoísta,egoísta,emborracha
El,devaneo,electrónico,electrónica,emigra
El,día,elegante,elegante,empalma
El,dibujo,élfico,élfica,empeora
La,dinastía,emocional,emocional,enamora
El,diodo,encantador,encantadora,encadena
El,dios,enérgico,enérgica,encanta
El,dique,enfadado,enfadada,enciende
El,dodo,enfermo,enferma,encuentra
El,dolor,engreído,engreída,endulza
El,dragón,enjuto,enjuta,enferma
El,dragón de komodo,enterrado,enterrada,engaña
La,dríada,entrometido,entrometida,engrasa
La,droga,equilibrado,equilibrada,ensambla
El,duende,erótico,erótica,entierra
La,duna,erróneo,errónea,entrevista
El,eclipse,esbelto,esbelta,envejece
El,edredón,escandaloso,escandalosa,envenena
El,ejército,escéptico,escéptica,erradica
El,elfo,espacial,espacial,eructa
La,elocuencia,espeso,espesa,es derrotado
El,enano,espiritual,espiritual,es tentado
El,enemigo,espontáneo,espontánea,es timado
La,epifanía,estéril,estéril,es vapuleado
La,época,estimulante,estimulante,escoge
El,equidna,estoico,estoica,escupe
El,equilibrista,estricto,estricta,esmalta
La,equitación,eterno,eterna,esposa
El,erizo de mar,ético,ética,está penando
La,escalera,exagerado,exagerada,estornuda
El,escarabajo,excéntrico,excéntrica,estrangula
La,escarcha,excesivo,excesiva,estropea
El,escasez,exclusivo,exclusiva,excita
La,escoba,exigente,exigente,experimenta
El,escorpión,exitoso,exitosa,extermina
La,escotilla,exótico,exótica,extorsiona
El,escritor,explosivo,explosiva,extraña
El,escudero,expresivo,expresiva,fabrica
El,escudo,exquisito,exquisita,facilita
La,esfinge,extraordinario,extraordinaria,falla
El,esgrima,extrovertido,extrovertida,falsea
El,espacio,fácil,fácil,fantasea
El,espacio exterior,falto,falta,favorece a alguien
La,espada,familiar,familiar,fermenta
El,espaguetis,famoso,famosa,festeja
El,espejo,fanático,fanática,fía
La,esperanza,fantástico,fantástica,filma
La,esponja,fascinante,fascinante,filtra
La,esposa,fatal,fatal,finaliza
El,establo,fatuo,fatua,financia
La,estación,favorito,favorita,fisgonea
El,estadio,feliz,feliz,flagela
El,estanque,femenino,femenina,flaquea
La,estatua,feo,fea,flirtea
La,estrella,fértil,fértil,florece
El,estropajo,fiable,fiable,flota
El,estuario,ficticio,ficticia,fluctúa
El,faisán,fiel,fiel,forcejea
La,familia,fijo,fija,forja
La,farmacia,final,final,forma
El,farol,fino,fina,fracasa
El,felpudo,firme,firme,fracciona
El,fénix,flaco,flaca,fractura
El,feudo,flexible,flexible,fragmenta
El,fiambre,flojo,floja,frecuenta
La,fiebre,floral,floral,fríe
La,fiera,fluvial,fluvial,friega
La,fiesta,formal,formal,fuerza
El,fino ropaje,frágil,frágil,funciona
El,fiordo,franco,franca,galantea
El,flamenco,frecuente,frecuente,galopa
La,flauta,fresco,fresca,gana
El,flirteo,frío,fría,garabatea
La,flota,fuerte,fuerte,garantiza
La,fluctuación,fugaz,fugaz,gasta
La,foca,fúnebre,fúnebre,genera
El,foso,funesto,funesta,germina
La,frambuesa,furioso,furiosa,gesticula
El,francotirador,fútil,fútil,gime
La,fraternidad,general,general,gimotea
La,fresa,genérico,genérica,gira
El,fresco,generoso,generosa,glasea
El,frío,genético,genética,glorifica
La,frontera,genial,genial,glosa
La,fruta,geográfico,geográfica,gobierna
El,fruto seco,geológico,geológica,golpea
El,fuego,geométrico,geométrica,gorjea
La,fuente,gigante,gigante,gorrea
El,futuro,gitano,gitana,gorronear
La,gabardina,glacial,glacial,gotea
El,galápago,global,global,goza
La,galaxia,glorioso,gloriosa,graba
El,gallo,gordo,gorda,grada
La,gasolina,gótico,gótica,gradúa
El,gato,gracioso,graciosa,granula
La,gaviota,gráfico,gráfica,grapa
La,geografía,grande,grande,gravita
El,gigante,grandilocuente,grandilocuente,grita
La,ginebra,grandioso,grandiosa,gruñe
El,giro postal,grato,grata,guarda
El,globo,gratuito,gratuita,guía
El,glotón,grave,grave,habilita
La,golondrina,griego,griega,habita
La,gorgona,gris,gris,habla
El,gorila,grosero,grosera,hace
El,gorrión,grotesco,grotesca,hace amigos
La,granada,grueso,gruesa,hace enemigos
El,granizo,gruñón,gruñona,hace vibrar algo
La,granja,guapo,guapa,hacina
La,grapadora,hábil,hábil,halla una herramienta
La,grasa,habitual,habitual,halla una pista
La,grosella,hablador,habladora,hereda
La,grulla,hambriento,hambrienta,hermana
El,guardia,harto,harta,hiberna
La,guardia,henchido,henchida,hidrata
El,guateque,herbáceo,herbácea,hiela
El,guepardo,heredado,heredada,hiere
La,guindilla,herido,herida,hierra
La,gula,hermoso,hermosa,hierve
El,gusano,heroico,heroica,hila
El,haba,heterogéneo,heterogénea,hilvana
El,habitante,hidráulico,hidráulica,hipa
El,hacha,hipócrita,hipócrita,hojear
El,hada,hipotético,hipotética,honra
El,hada madrina,histérico,histérica,hornea
El,halcón,histórico,histórica,hospeda
El,hambre,holgazán,holgazana,huele
La,hamburguesa,homogéneo,homogénea,huelga
El,hechizo,homosexual,homosexual,humea
La,hélice,hondo,honda,humedece
El,helicóptero,horizontal,horizontal,humilla
El,heraldo,horrible,horrible,hunde
La,herboristería,hostil,hostil,huye
El,heredero,humanitario,humanitaria,idolatra
La,herida,humano,humana,ignora
La,hermana,húmedo,húmeda,ilumina
La,hermanastra,humilde,humilde,imagina
El,hermano,huraño,huraña,imitar
La,herramienta,imprudente,imprudente,impide
La,hidra,incandescente,incandescente,impone
La,hiena,incognoscible,incognoscible,impregna
El,hierro forjado,inconmensurable,inconmensurable,improvisa
El,hígado,inconsciente,inconsciente,impulsa una iniciativa
El,higiene,joven,joven,incapacita a alguien
El,hipocampo,judío,judía,incinera
El,hipogrifo,juguetón,juguetona,incomoda
El,hipopótamo,juramentado,juramentada,infiere algo
El,hobbit,jurídico,jurídica,influye
El,hogar,justo,justa,infringe las normas
La,hormiga,juvenil,juvenil,injuria a alguien
La,hormigonera,kinestésico,kinestésica,inocula un veneno
El,horno microondas,laboral,laboral,inspira
La,hortaliza,lamentable,lamentable,instaura algo novedoso
La,huelga,largo,larga,instruye al enemigo
El,huérfano,latente,latente,insulta a alguien
El,hueso,lateral,lateral,intercambia información
La,humedad,legal,legal,interpreta
El,huracán,legítimo,legítima,interroga a alguien
El,hurón,lejano,lejana,intimida a alguien
El,idilio,lento,lenta,invade algo
La,iglesia,lésbico,lésbica,investiga
La,iguana,leve,leve,invita
El,imán,levítico,levítica,invoca algo/a alguien
El,impermeable,liberal,liberal,jadea
El,impresionismo,libre,libre,jala
La,incandescencia,lícito,lícita,juega
La,infraestructura,ligero,ligera,junta algunas piezas
El,insecto,limpio,limpia,jura
El,instituto,lindo,linda,juzga acertadamente
El,incendio,lingüístico,lingüística,juzga erróneamente
El,interespacio,líquido,líquida,lacera
El,internado,listo,lista,lacra
El,interruptor,litúrgico,litúrgica,ladra
La,intimidad,llamativo,llamativa,lame una superficie
El,invernadero,lleno,llena,lanza algo
El,invierno,llorón,llorona,lastra
La,inyección,lluvioso,lluviosa,late
La,iridiscencia,local,local,le afecta un cambio mágico
La,isla,loco,loca,le gusta algo
El,jabón,lógico,lógica,legitima
El,jaguar,lúcido,lúcida,levanta
El,jamón,lujoso,lujosa,libera algo
El,jardín,luminiscente,luminiscente,lidera un evento
La,jarra,luminoso,luminosa,lidia con algo inesperado
La,jaula,lunático,lunática,limita
El,jazz,maduro,madura,limpia
El,jengibre,mágico,mágica,lincha
El,jerbo,magnífico,magnífica,lisia a alguien
El,jilguero,maldito,maldita,lisonjea inapropiadamente
El,jinete,maleducado,maleducada,llama a alguien
La,joya,malhumorado,malhumorada,llamea
El,judo,malicioso,maliciosa,llega
La,jungla,maltratado,maltratada,llena algo
La,justa,maravilloso,maravillosa,lleva algo a algún sitio
La,justicia,marciano,marciana,llora
El,kiwi,marginal,marginal,llueve
El,ladrón,marino,marina,logra
La,lagartija,masculino,masculina,luce algo
El,lago,material,material,lucha
La,lanza,maternal,maternal,lustra algo
El,látigo,medieval,medieval,madura
El,laurel,melancólico,melancólica,malgasta
La,lava,mensurable,mensurable,maltrata
La,lechuga,menudo,menuda,manda
La,lechuza,meticuloso,meticulosa,manipula
La,lenteja,mezquino,mezquina,masculla
El,leñador,miedoso,miedosa,medita
El,león,minúsculo,minúscula,medra
El,leopardo,miserable,miserable,mendiga
El,leotardo,misterioso,misteriosa,merodea
El,leprechaun,mítico,mítica,mezcla
El,lesión,moderado,moderada,mide
La,libélula,moderno,moderna,miente
El,libro,modesto,modesta,mima
El,licor,molesto,molesta,mina
El,ligue,monumental,monumental,mira
La,diferencia,mordaz,mordaz,moderniza
El,limón,mortal,mortal,modifica
El,linaje,móvil,móvil,moja
El,lince,mudo,muda,muele
La,litera,musical,musical,muerde algo/a alguien
La,literatura,mutuo,mutua,muere
La,llave,naciente,naciente,nace
La,lluvia,nacional,nacional,nada
El,lobo,nacionalista,nacionalista,narra
La,locomotora,narcisista,narcisista,naufraga
La,lombriz de tierra,narrativo,narrativa,navega
El,loro,natural,natural,necesita algo/a alguien
La,lotería,nazi,nazi,negocia
La,lubina,negativo,negativa,niega algo
El,lugar bajo el agua,negro,negra,nieva
El,lugar bajo tierra,nervioso,nerviosa,nivela
La,luminiscencia,neutro,neutra,nombra
La,luna,noble,noble,nomina
La,luz,nocivo,nociva,nota
La,madrastra,nocturno,nocturna,notifica
El,magnetófono,nónuplo,nónupla,nubla
El,mago,normal,normal,numera
El,mamut,normativo,normativa,nutre
El,manantial,notable,notable,obedece
La,manifestación,notarial,notarial,obsequia
La,manta,notorio,notoria,obtiene
La,mantícora,novel,novel,obvia
La,manzana,novelero,novelera,ocasiona
El,mapa,nuclear,nuclear,oculta
El,mar,nuevo,nueva,ocupa
El,mar,nulo,nula,odia
El,maratón,numérico,numérica,ofende
El,marinero,numeroso,numerosa,oficia
El,marisco,nutritivo,nutritiva,ofrece
La,marmota,objetivo,objetiva,olvida
El,mausoleo,obligatorio,obligatoria,omite
El,mazapán,observable,observable,ondea algo en alto
La,mazmorra,obvio,obvia,opera lejos
La,mazorca,occidental,occidental,opina
El,meandro,oceánico,oceánica,oprime a alguien
La,medianoche,octavo,octava,opta por una opción
La,meiga,óctuplo,óctupla,ordena
La,melancolía,ocultación,ocultación,organiza
El,mendigo,oculto,oculta,orienta
La,mermelada de tomate,odioso,odiosa,origina un conflicto
La,mina,ofensivo,ofensiva,orilla una embarcación
El,minotauro,oficial,oficial,ornamenta algo
El,mirlo,ontológico,ontológica,orquesta
La,molécula,opaco,opaca,oscila
El,molinillo,operativo,operativa,otorga
El,monasterio,oportuno,oportuna,oxigena
El,monstruo,óptico,óptica,oye
La,montaña,oral,oral,parodia
La,montaña rusa,orbitado,orbitada,participa en una justa
El,monte,ordinario,ordinaria,pasea
La,mosca,orgánico,orgánica,patea
El,muérgano,organizativo,organizativa,patrulla
El,mujeriego,orgulloso,orgullosa,pega algo/ a alguien
La,muñeca,oriental,oriental,peina
El,murciégalo,original,original,perdona
El,muro,originario,originaria,peregrina
La,musa,ortográfico,ortográfica,perjudica
La,música,oscuro,oscura,permanece
El,nabo,pálido,pálida,persevera
La,naranja,parturiento,parturienta,persigue
La,nariz,pasional,pasional,pertenece
El,narval,pasivo,pasiva,pierde algo/ a alguien
La,nata,pasteloso,pastelosa,pilota
La,natación,patético,patética,piratea
El,naufragio,pedregoso,pedregosa,pisotea
La,nave,peligroso,peligrosa,plancha
La,náyade,penetrante,penetrante,planifica
La,nécora,penoso,penosa,predestina
La,nectarina,pequeño,pequeña,predice
La,nevera,perenne,perenne,premia
La,nieve,perezoso,perezosa,priva
La,ninfa,perfecto,perfecta,procrea
La,niñera,perpetuo,perpetua,profana
El,niño,perseverante,perseverante,progresa
El,níspero,perverso,perversa,prohíbe
El,noche,pícaro,pícara,promete
La,noria,pintoresco,pintoresca,promueve
La,nostalgia,placentero,placentera,propulsa
El,novelista,pobre,pobre,protesta
El,noviazgo,poderoso,poderosa,provoca
La,nube,poético,poética,puebla
El,nudillo,polémico,polémica,quebranta
La,nutria,positivo,positiva,queda
La,nutrición,precoz,precoz,queda hospitalizado
El,nylon,preponderante,preponderante,quiebra
El,ñandú,prestigioso,prestigiosa,quiere a alguien/algo
El,ñu,pretencioso,pretenciosa,quita a alguien
El,oasis,previsible,previsible,raciona algo
La,obertura,prodigioso,prodigiosa,rapta a alguien
El,obrero,profético,profética,rasura algo
La,oca,profundo,profunda,razona
El,océano,progresista,progresista,recauda
El,odio,provocador,provocadora,rechaza
El,oficial,prudente,prudente,recluta a alguien
El,ogro,puntual,puntual,recoge algo
El,ojo,quieto,quieta,recompensa a alguien
El,oleaje,químico,química,reconquista a alguien
La,olla de presión,quinto,quinta,reconstruye algo
El,olvido,quirúrgico,quirúrgica,recuerda algo
El,ombligo,quisquilloso,quisquillosa,recupera algo
La,ondina,racional,racional,reduce algo
El,orate,racista,racista,regresa
El,orco,radiante,radiante,renuncia
El,ordinario,radical,radical,replica algo
El,orégano,rápido,rápida,reprime a alguien
La,oreja,raro,rara,repudia a alguien
El,orfanato,razonable,razonable,requisa algo
El,ornitorrinco,reacio,reacia,rescata
El,oro,realista,realista,rescata a alguien
La,orquesta,rebelde,rebelde,responde
El,ósculo,receloso,recelosa,resucita
El,oso hormiguero,reciente,reciente,resuelve algo
La,ostra,recto,recta,retiene ilegalmente a alguien
El,otoño,referente,referente,rige un pueblo
La,oveja,relativo,relativa,rima
El,pabellón,reluciente,reluciente,roba
El,pájaro,renovador,renovadora,rompe un juramento
El,palacio,repentino,repentina,ruega
El,pantano,reservado,reservada,sabotea algo
La,pantera,resistente,resistente,sacrifica algo
El,parchís,respetable,respetable,salpica
La,pasión,responsable,responsable,salva a alguien
El,pastel,revolucionario,revolucionaria,saquea algo
El,patinaje,rico,rica,se aburre
El,payaso,ridículo,ridícula,se ahoga
El,pegaso,rígido,rígida,se baña
La,peluca,riguroso,rigurosa,se confunde de identidad
El,perfume,rimbombante,rimbombante,se equivoca
El,perro,robado,robada,se fascina con algo
El,pescador,rocoso,rocosa,se habitúa a algo extraño
El,petirrojo,románico,románica,se habitúa a una nueva vida
El,pez,romano,romana,se hace valer
La,pezuña,romántico,romántica,se harta
La,piedra,roto,rota,se hiere
La,pintura,rotundo,rotunda,se infiltra
La,piña,rubio,rubia,se irrita
La,pipa,ruidoso,ruidosa,se jubila
El,pirata,rutinario,rutinaria,se junta con alguien
El,pistacho,sabio,sabia,se justifica
La,pistola,sagaz,sagaz,se lamenta
La,pitonisa,sagrado,sagrada,se lastima
La,pizarra,salado,salada,se le rompe el corazón
El,planeta,salvaje,salvaje,se libra
El,plano,sangriento,sangrienta,se magulla
El,plástico,sano,sana,se mancha
La,plata,santificado,santificada,se maravilla
La,playa,secreto,secreta,se marcha
La,pluma,seguro,segura,se marchita
La,poción,selenita,selenita,se marea
El,político,sencillo,sencilla,se mece
El,polizón,sensato,sensata,se molesta
La,posada,sensible,sensible,se mosquea
El,pozo,sensorial,sensorial,se motiva
La,pradera,sentimental,sentimental,se muda
El,precipicio,sereno,serena,se obsesiona
La,prenda de amor,serio,seria,se olvida
La,primavera,servicial,servicial,se opone a algo
La,princesa,severo,severa,se pierde
El,príncipe,sexual,sexual,se posa
La,promesa,silencioso,silenciosa,se queja
El,pueblo,similar,similar,se quema
El,puente,simpático,simpática,se recluye
La,puerta,simulado,simulada,se reconcilia
El,puerto,sincero,sincera,se retira
La,pulga,siniestro,siniestra,se reúne
El,quebrantahuesos,sintético,sintética,se ríe a carcajadas
La,quimera,sobrenatural,sobrenatural,se rinde
La,química,sofista,sofista,se rompe
El,quiosco,sofisticado,sofisticada,se separa
La,radio,soleado,soleada,se tambalea
La,rana,solemne,solemne,se traga algo
El,rascacielos,solidario,solidaria,se tranquiliza
El,rastrillo,solitario,solitaria,se trastorna
La,rata,sombrío,sombría,se turna con alguien
El,ratón,sonriente,sonriente,se voltea
La,raya,sospechoso,sospechosa,secuestra a alguien
El,realismo,suave,suave,seduce a alguien
La,receta,sucio,sucia,selecciona algo
El,recogedor,suculento,suculenta,sella un pacto
El,rectángulo,sudoroso,sudorosa,separa algo
El,recuerdo,sueño,sueña,sepulta algo
El,refresco,susceptible,susceptible,simplifica algo
La,regadera,sutil,sutil,sitia un lugar
El,regalo,tacaño,tacaña,soborna a alguien
El,regreso,taciturno,taciturna,sobrevive
La,reina,tajante,tajante,socorre a alguien
El,reino,talentoso,talentosa,soluciona
El,relámpago,tardío,tardía,somete a alguien
El,relieve,temeroso,temerosa,sonríe
La,religión,temible,temible,soporta algo
La,reliquia,temporal,temporal,sorprende a alguien
El,remo,tenaz,tenaz,sospecha de algo
La,remolacha,tenso,tensa,subestima a otro
La,rémora,teórico,teórica,subestima al enemigo
El,rencor,terapéutico,terapéutica,suelda
El,reno,térmico,térmica,suelta
El,reportaje,terrestre,terrestre,sueña
La,reproducción,terrible,terrible,sufre un flechazo inoportuno
La,resiliencia,territorial,territorial,sugiere una idea
El,retraso,terrorista,terrorista,sujeta algo
El,retrato,tibio,tibia,supervisa
La,reunión,tierno,tierna,suplanta
El,rey,tieso,tiesa,sustituye
El,rinoceronte,tímido,tímida,sustrae
El,río,típico,típica,talla
El,rocío,tonto,tonta,tapia algo
La,rodilla,torpe,torpe,tararea
El,romanticismo,tóxico,tóxica,tartamudea
La,ropa,trabajador,trabajador,templa un objeto
La,ruina,tradicional,tradicional,tiembla
El,ruiseñor,trágico,trágica,tiende algo
La,sábana,traicionado,traicionada,tiñe algo
El,sacaclavos,tranquilo,tranquila,tira algo
El,sacerdote,transitorio,transitoria,tira de alguien
La,sacerdotisa,transparente,transparente,tolera
La,sal,travieso,traviesa,tontea con alguien
El,salchichón,tripulado,tripulada,tornea un objeto
La,salida,triste,triste,tortura a alguien
La,salmuera,trivial,trivial,traduce
El,salón de baile,turbio,turbia,trafica
El,salón del trono,ulterior,ulterior,traiciona
El,saltamontes,último,última,trama
La,salud,unánime,unánime,traspasa algo
La,sangre,único,única,traslada algo
La,sanguijuela,uniforme,uniforme,traza
El,santuario,unitario,unitaria,trepa
El,sapo,universal,universal,trilla algo
La,sartén,universitario,universitaria,trincha algo
El,satélite,urbano,urbana,tripula una nave
El,semáforo,urgente,urgente,tritura algo
La,sensualidad,usual,usual,tropieza
El,sentimiento,útil,útil,ubica un lugar
La,sequía,utilitario,utilitaria,ubica un objeto
La,serendipia,utilizable,utilizable,ultima algún detalle
El,sereno,vacío,vacía,ultraja
La,serpiente,vagamundo,vagamunda,ulula
La,serpiente marina,vago,vaga,une
El,servilletero,valeroso,valerosa,unifica
El,sexo,válido,válida,unta algo
La,sílfide,valiente,valiente,usa algo
La,sinfonía,valioso,valiosa,usurpa
La,sirena,vano,vana,utiliza a alguien
El,sistema solar,variable,variable,va a prisión
El,sol,variado,variada,vadea un lugar
La,soledad,vasto,vasta,vaga por un lugar
El,sombrero,vegetal,vegetal,valida alguna aptitud
El,sonámbulo,vegetativo,vegetativa,valora algo
La,suciedad,veloz,veloz,vaticina un evento
El,sueño,envenenado,envenenada,ve algo insólito
El,sujetador,verbal,verbal,veda algo
La,taberna,verde,verde,vegeta
El,tambor,verosímil,verosímil,veja a alguien
La,tarántula,vertical,vertical,vence a alguien
La,tarta de queso,vespertino,vespertina,vende algo/a alguien
El,taxi,veterano,veterana,venera algo
La,tempestad,viable,viable,venga a alguien querido
El,templo,victorioso,victoriosa,venga a un desconocido
La,tentación,viejo,vieja,ventila
El,tentempié,vigente,vigente,verifica
El,terciopelo,violento,violenta,viaja
El,tesoro,virgen,virgen,vigila a alguien
La,tierra,visible,visible,vilipendia
La,tierra extranjera,vital,vital,viola
El,tifón,vitoreado,vitoreada,visita
El,timón,vivaz,vivaz,vitorea
El,tiovivo,viviente,viviente,vive
La,toalla,voluntario,voluntaria,vocea
El,tobillo,vulgar,vulgar,vota a alguien equivocadamente
El,tobogán,yodado,yodada,vuela
La,torre,zafio,zafia,vuelca
La,tortilla,zafíreo,zafírea,vuelve al origen
La,tortuga,zarrapastroso,zarrapastrosa,yace
El,trabajo duro,zopenco,zopenca,zanganea
La,trampa,enquistado,enquistada,zanja un asunto importante
El,transatlántico,conquistado,conquistada,zarandea
El,transeúnte,atormentado,atormentada,zigzaguea por un lugar
El,tranvía,radiactivo,radiactiva,zumba
El,trasgo,machista,machista,se constipa
El,tren,fulminante,fulminante,se apuesta aglo irremplazable
La,trenza,plurilingüe,plurilingüe,confiesa una mezquindad
El,trigo,equivalente,equivalente,prospera a costa de otro
La,tripulación,equidistante,equidistante,confía en la persona equivocada
El,tritón,paralelo,paralela,se come algo tóxico
El,troll,ignorante,ignorante,engorda demasiado
El,trueno,destrozado,destrozada,se camufla entre los habitantes
El,tucán,acuartelado,acuartelada,corre hacia un sueño
La,tuerca,evolucionado,evolucionada,se mete en una caja
El,tulipán,añejo,añeja,se despierta en otra época
La,tumba,dañado,dañada,viaja al centro de la tierra
El,ultramarinos,anglicano,anglicana,se duerme en clase
El,unicornio,norteño,norteña,cae sobre una tarta
El,uniforme,sureño,sureña,soba un sujetador
La,universidad,sustentado,sustentada,espolborea veneno sobre alguien
El,universo,español,española,canta una canción de cuna
La,uña,calzado,calzada,apuesta con el enemigo
La,urraca,embustero,embustera,se enamora de su enemigo
El,utensilio,amarillo,amarilla,busca un final feliz
La,uva,azul,azul,comienza a hacerse preguntas
La,vaca,rojo,roja,se hace derogar
El,vagabundo,rosa,rosa,se intoxica
La,vagina,arrinconado,arrinconada,irradia algo
El,vagón,oloroso,olorosa,se vuelve radiactivo
La,vainilla,omnipresente,omnipresente,consigue un material extraño
La,vajilla,omnisciente,omnisciente,es un embustero
El,valle,todopoderoso,todopoderosa,mordisquea la comida ajena
El,vampiro,acomplejado,acomplejada,contextualiza algo
El,varano,castellanizado,castellanizada,aporta un significado al mundo
El,vaso,debilitado,debilitado,encuentra el significado del universo
El,velero,diferenciado,diferenciada,se encuentra con un ente creador
El,venado,sepulcral,sepulcral,agita unas maracas
El,vendaje,terraplanista,terraplanista,consigue un don
La,ventana,homeostático,homeostática,aplana el universo
La,verdad,onomatopéyico,onomatopéyica,conquista el espacio
La,verdulería,gritón,gritona,se enamora de un objeto
El,vestuario,sustancioso,sustanciosa,se desposa con un objeto
La,vía,lácteo,láctea,asesina accidentalmente a alguien
El,viajero,cósmico,cósmica,secunda una censura
La,víbora,bíblico,bíblica,se atraganta
La,vida,apestoso,apestosa,descuida su aspecto
El,vidrio,despojado,despojada,hiere a un amigo
El,viejo,rubicundo,rubicunda,hiere a un enemigo
El,viento,encuestado,encuestada,cosifica a alguien
La,vinagrera,tórrido,tórrida,se siente atraido sexualmente
La,virtud,mentiroso,mentirosa,es sexualizado
La,visita,estúpido,estúpida,pronuncia un discuros
La,vitalidad,escrupuloso,escrupulosa,extravía el objeto que lo iba a salvar
El,vituperio,contundente,contundente,muere
El,vodka,cobrizo,cobriza,muere de forma estúpida
El,volcán,escandaloso,escandalosa,fallece premeditadamente
El,vuelo,lozano,lozana,se suicida para evitar a su enemigo
El,whisky,pechugón,pechugona,estudia
El,wombat,níveo,nívea,convence a un aristócrata
El,wyvern,blanco,blanca,se depila
El,xilófono,esculpido,esculpida,depila a alguien
El,yate,negro,negra,escribe un diario
La,yegua,racista,racista,roba un objeto
El,yogur,robótico,robótica,se esconde con cobardía
El,yunque,inteligente,inteligente,se detiene en el camino
La,zanahoria,artificial,artificial,detiene a alguien
El,zapato,artificioso,artificiosa,es detenido inoportunamente
La,zarzamora,adecuado,adecuada,casca nueces
La,zarzuela,cómico,cómica,rompe un objeto sagrado
La,cebra,tramado,tramada,es excomulgado
El,zorro,tramposo,tramposa,es cómplice de un asesinato
El,zueco,lúcido,lúcida,ayuda a su enemigo
